<?xml version="1.0" encoding="UTF-8" standalone="yes"?>
<addon id="script.jeedom" name="Kodi Jeedom Event" version="0.3" provider-name="Jeedom">
    <requires>
        <import addon="xbmc.python" version="2.12.0"/>
    </requires>
  
    <extension point="xbmc.service" library="addon.py" start="startup" />
    <extension point="xbmc.addon.metadata">
        <platform>all</platform>
        <language>en fr</language>
        <summary lang="en">Send event to Jeedom</summary>
		<summary lang="fr">Envoyer des évènements vers Jeedom</summary>
        <description lang="en">Allows the user to trigger scene and device on Jeedom. List of event is: 
XBMC Starting, 
XBMC Quitting, 
MENU State,
MUSIC Title,
VIDEO Title,
Complete naming for TVSHOW
Movie Playback Started, 
Movie Playback Ended, 
Movie Paused, Movie Resumed, 
Music Playback Started, 
Music Playback Ended, 
Music Paused, 
Music Resumed.
Synchro du volume
		</description>
		<description lang="fr">Permet d'envoyer des évenements d'XBMC à la box Jeedom dans le but de d'enclencher des scénarios, des évènements. 
Ci-dessous la liste des évènements disponible :
Démarrage d'XBMC, 
Arrêt d'XBMC, 
Démarage d'une vidéo, 
Arrêt et fin d'une vidéo, 
Pause et reprise d'une vidéo, 
Démarage d'une musique, 
Pause et reprise d'une musique, 
Titre de la Musique, 
Titre de la Vidéo.
Affichage complet pour les séries
</description>
        <disclaimer lang="en">largement inspiré du Plugin Eedomus pour XBMC de Cedric Locqueneux</disclaimer>
		<disclaimer lang="fr">largement inspiré du Plugin Eedomus pour XBMC de Cedric Locqueneux</disclaimer>
    </extension>
</addon>